id;account_number;status;activation_date;firstname;lastname;middlename;fullname;display_name;mobile_no;email_address;is_staff;external_id;date_of_birth;closure_date;rejection_date;reactivate_date;submitted_on_date
1;reciprocal payment;26169;2021-03-25T21:58:00;synthesize Fresh;Handcrafted;Rhode Island Administrator compressing;array;foreground strategy Metrics;Money Market Account invoice;Grocery;true;Program hard drive Gorgeous;2021-03-26T01:02:31;2021-03-25T12:31:38;2021-03-25T14:38:28;2021-03-25T13:20:43;2021-03-25T15:39:38
2;Kids neural;26587;2021-03-26T00:17:13;quantify Jewelery;Internal;Ergonomic quantify morph;index e-markets Cambridgeshire;Customer-focused;web services;Solomon Islands Dollar;true;Wooden grey;2021-03-25T21:52:23;2021-03-25T16:29:23;2021-03-25T23:13:54;2021-03-25T22:33:09;2021-03-26T07:59:55
3;online;1397;2021-03-26T08:02:10;paradigms Dalasi Customer;Villages;parsing context-sensitive approach;hub Gibraltar regional;Chair Via;Interactions Bike;payment;false;Wisconsin Forward;2021-03-25T14:40:18;2021-03-26T04:32:17;2021-03-25T12:22:22;2021-03-26T03:14:24;2021-03-25T19:24:02
4;Plastic background;568;2021-03-26T05:33:01;Automotive Music dynamic;analyzing;Pants;distributed sexy Gorgeous;National Nicaragua Cambridgeshire;Cotton;Director optical COM;true;bluetooth;2021-03-25T11:03:06;2021-03-25T10:44:11;2021-03-26T09:37:20;2021-03-25T22:00:52;2021-03-25T19:45:06
5;invoice;65651;2021-03-26T06:23:27;Checking Account;Handmade Metal Shoes;Central Hollow SQL;Licensed Fresh Pizza bricks-and-clicks;magnetic systems;expedite Central cohesive;efficient reinvent generating;true;Delaware hacking;2021-03-25T12:14:41;2021-03-25T12:34:26;2021-03-26T06:25:57;2021-03-25T15:55:24;2021-03-26T00:59:52
6;action-items Mouse;60072;2021-03-25T16:04:23;red program;hack Producer Serbian Dinar;withdrawal Soft leading-edge;synthesize;Money Market Account Ergonomic;FTP Handmade Rubber Fish Mexico;Granite Maryland payment;false;Cocos (Keeling) Islands Investor Investment Account;2021-03-25T11:00:15;2021-03-26T06:25:38;2021-03-25T21:48:57;2021-03-25T20:06:19;2021-03-26T03:51:42
7;panel;3473;2021-03-26T10:21:35;Glens SMS;synthesize;Borders Berkshire;Customizable Locks Buckinghamshire;Directives white Passage;Mississippi deploy;Iranian Rial;false;Sleek best-of-breed;2021-03-26T05:16:05;2021-03-25T12:47:38;2021-03-25T11:07:16;2021-03-26T10:24:19;2021-03-25T23:27:24
8;24/7 Outdoors;16369;2021-03-25T23:28:04;Health Sausages;Buckinghamshire generating Credit Card Account;Regional Books;full-range;generate Liaison Bedfordshire;Assistant JSON;backing up;true;Generic Fresh Ball;2021-03-25T11:34:24;2021-03-25T11:32:46;2021-03-26T01:06:04;2021-03-25T13:08:12;2021-03-25T20:23:50
9;Haven;56724;2021-03-26T01:17:03;Dynamic back-end;Yemeni Rial solid state online;Graphic Interface;maroon Direct Avon;Wooden Regional Jordanian Dinar;Towels;backing up New Hampshire;false;National;2021-03-25T23:51:25;2021-03-26T00:04:06;2021-03-25T21:16:16;2021-03-26T01:11:49;2021-03-26T06:22:00
10;Unions;53887;2021-03-26T00:28:28;Delaware synthesize;architectures RAM;Ergonomic Cotton Tuna mint green;heuristic;functionalities hub Auto Loan Account;Guinea Franc;Legacy Sharable;false;Direct Networked Personal Loan Account;2021-03-25T22:08:33;2021-03-25T15:07:25;2021-03-25T21:57:36;2021-03-26T02:38:01;2021-03-25T11:52:01
